20211208,날씨,YTN,날씨 오늘도 초봄처럼 포근...서쪽 초미세먼지 주의,오늘도 낮 동안 초봄처럼 포근하겠습니다. 오늘 서울 한낮 기온은 12도까지 올라 예년 이맘때 기온을 7도나 웃돌겠는데요. 다만 오늘도 추위 대신 불청객 미세먼지가 기승을 부리겠습니다. 노약자나 호흡기 질환자는 외출 시 미세먼지용 마스크를 착용하시기 바랍니다. 현재 서울의 대기 질은 아직 양호한데요. 하지만 충남과 호남의 초미세먼지 농도는 나쁨 수준까지 올라 있고 앞으로 서울 등 수도권 지방도 서서히 공기가 탁해지겠습니다. 오늘 낮 기온은 서울 12도 광주와 대구 14도로 예년 기온을 3 7도가량 크게 웃돌겠습니다. 남은 한 주간 대체로 맑고 온화하겠지만 곳곳으로 공기가 탁하겠고요 다음 주 월요일에는 서울의 아침 기온이 6도까지 떨어지며 올겨울 들어 가장 추운 날씨가 찾아올 전망입니다. 요즘 낮 기온이 크게 오르면서 일교차가 10도 이상 크게 벌어지고 있습니다. 들쑥날쑥한 기온 변화에 면역력이 떨어지기 쉬운 만큼 환절기 건강관리 잘 해주시기 바랍니다. 지금까지 YTN 신미림입니다.,https://news.naver.com/main/read.naver?mode=LSD&mid=sec&sid1=248&oid=052&aid=0001674541
20211208,날씨,뉴시스,올해 초가을 평균기온 20도↑...관측 이래 가장 높아,기사내용 요약 기상청 2021년 가을 기후분석 9월1일 10월15일 평균 20.9도 아열대 고기압 고온 남풍류 탓 10월 중반 기온 급격히 떨어져 서울 뉴시스 신재현 기자 올해 9 10월 평균 기온이 1973년 관측 이래 가장 높았던 것으로 조사됐다. 10월 중순 들어 날씨가 급격히 추워져 기온 변동폭도 역대 가장 컸다. 기상청이 8일 발표한 2021년 가을철 기후분석 결과 에 따르면 9월1일 10월15일 사이 우리나라 평균 기온은 20.9도로 역대 가장 높았다. 가을철 9 11월 평균 기온은 14.9도로 평년보다 0.8도가량 높았다. 이는 역대 5번째로 높은 수치다. 관측 이래 가을철이 가장 따뜻했던 연도는 1975년 15.4도 이었다. 2019년 15.2도 1998년 15.1도 2011년 15도 가 뒤를 이었다. 따뜻한 가을 날씨가 이어지면서 지난 1 11월 전국 평균기온은 관측 이래 가장 높은 수치인 14.4도를 기록했다. 10월 중순 들어선 기온이 급격히 떨어져 기온 변동폭은 5.1도로 가장 컸다. 2002년 4.2도 과 1980년 4.1도 보다 1도가량 높은 수준이다. 추운 날씨로 인해 서울 첫얼음과 첫서리 관측일은 10월17일 18일로 평년보다 각각 17일 10일 빨랐다. 이상 고온과 기온 하락 현상이 동시에 나타난 이유는 이례적으로 발달한 아열대 고기압 때문인 것으로 보인다. 기상청은 가을철에 접어든 이후에도 아열대 고기압이 우리나라 남쪽에 장기간 머물면서 따뜻한 남풍류가 유입돼 고온 현상이 나타났다 고 설명했다. 이어 10월 중순까지도 우리나라 주변에서 이례적으로 발달하던 아열대고기압이 10월15일부터 남쪽으로 물러나는 동시에 찬 대륙고기압이 빠르게 확장하면서 기온이 급격히 떨어졌다 고 전했다. 가을철 강수량은 256.4㎜로 평년 21.69 303.8㎜ 과 비슷한 수준을 보였다. 태풍은 총 9개가 발생한 가운데 15호 태풍 찬투 가 우리나라에 영향을 줬다. 찬 대륙 고기압이 11월10일과 같은달 22일 23일에 걸쳐 확장하면서 서쪽지역을 중심으로 첫눈이 관측됐다. 서울은 11월10일에 첫눈이 내렸는데 이는 지난해보다 30일 평년보다 10일 빠른 기록이다. 박광석 기상청장은 지난 가을철은 10월 중반까지 고온 현상이 나타났고 이후 기온이 급격히 내려가는 등 기후 변동성이 뚜렷이 나타난 계절이었다 고 설명했다.,https://news.naver.com/main/read.naver?mode=LSD&mid=sec&sid1=248&oid=003&aid=0010877111
20211208,날씨,한국경제TV,12월인데 안춥네…올해 역대 가장 따뜻한 해 될 듯,올해 1월부터 지난달까지 평균기온이 역대 가장 높았던 것으로 나타났다. 8일 기상청의 가을철 기후분석 결과를 보면 올해 1 11월 평균기온은 14.4도로 전국에 기상관측망이 확충된 1973년 이후 최고였다. 12월도 기온이 평년과 비슷하거나 높을 가능성이 크다고 전망되는 터라 올해가 1973년 이래 기온이 제일 높은 해로 기록될 가능성이 크다. 1 11월 평균기온 역대 상위 10개년 가운데 7개년은 2010년 이후에 몰려 있었다. 한국의 기후가 온난화되고 있다는 것을 알 수 있다. 올해 기온이 특히 높은 것은 가을과 2월 3월의 기온이 평년을 크게 웃돌았기 때문이다. 특히 9 11월 가을철의 평균기온은 14.9도로 전국에 1973년 이래 다섯 번째로 높았다. 작년과 평년 가을 평균기온 14.1도 과 비교하면 0.8도 높았다. 올가을 평균기온이 높게 나온 것은 9월 초순부터 10월 중순까지 아열대고기압 영향으로 이례적으로 따뜻했기 때문이다. 올해 9월 1일부터 10월 15일까지 평균기온은 20.9도로 20도를 넘기면서 1973년 이래 같은 기간 평균기온으론 최고였다. 올가을 강수량은 256.4㎜로 작년 270.4㎜ 이나 평년 266.1㎜ 보다 다소 적었다. 태풍은 9개가 발생했고 이 중 1개 제14호 찬투 가 우리나라에 영향을 미쳤다. 한편 북한 올가을 평균기온은 11.6도로 평년 10.6±3도 보다 높았고 강수량은 308.3㎜로 평년 140.4 184.8㎜ 보다 많았다.,https://news.naver.com/main/read.naver?mode=LSD&mid=sec&sid1=248&oid=215&aid=0001002128
20211208,날씨,한국일보,세계 최초 일회용 컵 보증금 제도 어떻게 준비해야 할까,쓰레기 박사의 쓰레기 이야기 5 다회용 컵 보증금 제도로 나아가야 편집자주 그러잖아도 심각했던 쓰레기 문제가 코로나19 이후 더욱 본격화하고 있습니다. 쓰레기 문제는 생태계 파괴 뿐 아니라 주민 간 지역 간 나라 간 싸움을 일으키기도 합니다. 쓰레기 박사 의 눈으로 쓰레기 문제의 핵심과 해법을 짚어보려 합니다. 그건 쓰레기가 아니라고요 의 저자 홍수열 자원순환사회경제연구소장이 한국일보 에 2주 단위로 수요일 연재합니다. 내년 6월부터 일회용 컵 보증금 제도가 시행된다. 매장 수가 100개 이상인 프랜차이즈 커피·음료·제빵·패스트푸드점 등은 일회용 컵에 보증금을 의무적으로 부과해야 한다. 최근 스타벅스에서 시범사업으로 진행하고 있는 다회용 컵 보증금시스템과 혼동하는 소비자도 있는데 둘은 완전히 다르다. 다회용 컵은 사업자가 자율적으로 보증금을 붙이는 것이고 일회용 컵은 법률에 근거해 사업자가 의무적으로 붙이는 것이다. 게티이미지뱅크 일회용 컵 보증금제도 시행은 우리나라가 전 세계 최초다. 우리가 선례를 만들어 가야 한다. 우리나라가 선진국으로서 인류 전체가 직면한 문제를 앞장서서 해결하는 좋은 사례가 될 것이다. 반드시 성공해야 한다. 일회용 컵 보증금 제도의 성공을 기원하며 몇 가지 제언을 하고자 한다. 일회용 컵 보증금 제도 정확히 알고 하자 첫째 제도시행 목적에 대한 정확한 홍보가 필요하다. 일회용 컵 보증금 제도는 일회용 컵 비용을 증가시켜 텀블러 사용을 촉진하고 길거리에 버려지는 컵을 줄이는 등 재활용을 촉진하기 위한 다목적 제도다. 단순하게 재활용을 잘하자는 제도가 아니다. 고작 일회용 컵 재활용을 위해 사업자 및 소비자 부담을 증가시키는 것이 맞는지에 대한 비판이 있는데 번지수가 틀렸다. 거리에 투기된 테이크아웃 컵의 처리비용은 모두 지자체 부담이다. 연간 약 80억 개의 컵이 이렇게 버려지고 있다. 사업자와 소비자가 무임승차하고 있는 것이다. 보증금 제도는 오염원인자인 사업자와 소비자에게 일회용 컵 소비에 대한 제대로 된 책임을 묻는 제도다. 사업자나 소비자 부담이 증가하는 것은 당연하다. 당연한 것에 딴죽 걸어 제도시행의 발목을 잡아서는 안 된다. 쉽게 반환할 수 있어야 컵 으로 재활용 둘째 소비자가 컵을 쉽게 반환할 수 있는 체계를 만들어야 한다. 소비자가 구입한 매장이 아니더라도 다른 매장에 컵을 반환할 수 있어야 하고 공공장소에서도 컵을 반환할 수 있는 거점이 많아져야 한다. 매장 내 반환이 원칙이기는 하지만 규모가 작은 매장은 여건상 반환이 어려울 수 있다. 규모가 작은 매장을 위해 공동으로 컵을 반환할 수 있는 시스템을 만들어야 한다. 셋째 반환된 컵은 최종적으로 다시 컵으로 재활용할 수 있는 체계를 구축해야 한다. 컵으로 다시 순환되는 구조를 만들기 위해서 보증금이 붙는 컵은 재질 및 구조를 통일시키고 사업자가 이를 반드시 준수하도록 규제를 강화해야 한다. 게티이미지뱅크 수거 사업이 곧 일자리 창출... 다회용 컵 보증금 제도 로 나아가야 넷째 반환된 컵을 수거하는 사업은 양질의 사회적 일자리가 창출되는 기회로 삼아야 한다. 컵 수거체계를 활용해 컵뿐만 아니라 커피찌꺼기 등 카페에서 발생하는 다양한 자원을 수거해서 재활용할 수 있도록 해야 한다. 마지막으로 다회용 컵 보증금 제도로 발전해 나가는 로드맵을 만들어야 한다. 일회용 컵 금지로 가야지 왜 이렇게 복잡한 제도를 도입하느냐고 문제제기하는 사람도 있다. 맞는 이야기다. 그렇지만 현실적으로 일회용 컵 사용을 바로 금지하기는 어렵다. 일회용 컵 보증금 체계를 기반으로 차츰 다회용 컵 보증금 체계로 전환하는 단계를 밟아가야 한다. 전 세계가 우리나라 일회용 컵 보증금 제도 시행을 예의주시하고 있다. K순환경제의 좋은 모델이 만들어질 수 있도록 우리 모두의 관심과 협력이 필요하다.,https://news.naver.com/main/read.naver?mode=LSD&mid=sec&sid1=248&oid=469&aid=0000645519
20211208,날씨,KBS,굿모닝 날씨 오늘 포근한 날씨…서쪽 미세먼지 ‘나쁨’,초봄 같은 겨울 날씨가 이어지고 있습니다. 오늘도 서울이 12 대전 13 광주가 14도로 평년 이맘때보다 3도에서 7도 정도나 높아 포근하겠는데요. 기온만 보면 3월 중순에 해당합니다. 다만 이렇게 포근하니 미세먼지가 말썽입니다. 오늘 초미세먼지 농도는 수도권 충청 전북 광주는 종일 나쁨 으로 예상되고 전남과 대구 제주도는 오전에 일시적으로 나쁨 을 보이겠습니다. 지금도 전국 내륙 지역에 안개가 자욱합니다. 가시거리 양주가 40 홍성이 60미터 등 시야 확보가 어려운 상황인데요. 안개로 인한 안전 사고가 없도록 주의를 기울이셔야겠습니다. 오늘 오전까지는 짙은 안개가 남아있는 곳이 있겠습니다. 낮 기온은 전국 대부분 15도 가까이 오르겠습니다. 오늘 아침과 낮 낮과 밤의 기온 차가 10도 이상 큰 폭으로 벌어지겠습니다. 바다의 물결은 동해 남부 먼바다에 풍랑주의보가 내려진 가운데 3.5미터로 높게 일겠습니다. 당분간 별다른 비 소식 없이 포근한 날씨가 계속되면서 대기질이 탁하겠습니다. 날씨 전해드렸습니다.,https://news.naver.com/main/read.naver?mode=LSD&mid=sec&sid1=248&oid=056&aid=0011171650
20211208,날씨,KBS,날씨 광주·전남 평년 기온 웃도는 온화한 날씨…공기는 탁해,KBS 광주 마치 초봄같이 포근한 날씨가 이어지고 있습니다. 오늘도 아침은 어제보다 조금 더 낮은 기온으로 춥긴 하지만 한낮 기온 광주가 14도까지 올라 평년 기온보다 3 6도가량이나 높겠습니다. 다만 오전까지는 곳곳에 안개가 끼어 있어서 운전하실 때 조심하셔야겠습니다. 안개는 점차 사라지겠지만 오늘도 미세먼지가 말썽입니다. 현재도 초미세먼지 농도 매우 나쁨 나쁨 단계 가리키고 있는데요 광주는 종일 전남은 오전에 일시적으로 나쁨 단계 예상됩니다. 외출하실 때 보건용 마스크 착용하시기 바랍니다. 지역별 기온 자세하게 살펴보겠습니다. 아침 기온 어제와 비슷하거나 조금 더 낮고요 낮 최고 기온 영광 13도 함평 14도로 어제보다 조금 높겠습니다. 한낮 기온 여수 13도 순천 15도로 동부 지역은 어제보다는 조금 낮겠습니다. 목포 13도 영암 14도 진도 13도까지 오르겠고 신안도 13도로 포근하겠습니다. 바다의 물결은 전 해상에서 비교적 잔잔하겠습니다. 이번 주 내내 온화한 날씨 보이다가 다음 주에 기온이 크게 내려가겠습니다. 기상정보 전해드렸습니다.,https://news.naver.com/main/read.naver?mode=LSD&mid=sec&sid1=248&oid=056&aid=0011171648
20211208,날씨,MBC,날씨 서쪽 공기 탁해‥서울 12도 등 온화한 오후,930MBC뉴스 오늘 아침은 내륙 지방을 중심으로 안개가 짙게 끼었습니다. 지금도 뿌연 곳이 많고요. 대기가 정체되면서 충청도와 전라도를 중심으로 초미세먼지 농도가 다소 높게 나타나고 있습니다. 현재 농도를 보시면 김제가 86 공주 58 평택 51마이크로그램 안팎으로 매우 나쁨이나 나쁨인 곳이 많습니다. 서울은 지금은 청정한데요. 농도가 다소 오를 수 있겠고요. 오늘 종일 서쪽 지방을 중심으로 공기가 다소 탁할 것으로 보여서 계속 주의하셔야겠습니다. 날은 온화하겠습니다. 한낮 기온 서울이 12도 부산 15도 안팎까지 오르면서 3월 중하순에 해당하는 기온을 보이겠습니다. 오늘 하늘 자체는 대체로 맑겠는데요. 낮에도 서쪽 지방을 중심으로는 뿌연 연무가 남아 있는 곳이 있겠습니다. 자세한 낮 기온 보시면 서울이 12도 광주 14도 대구 14도로 어제와 비슷하거나 조금 낮겠습니다. 주 후반까지는 미세먼지가 머무는 날이 많을 것으로 보이고요. 일요일 오후부터는 차츰 다시 크게 추워질 전망입니다. 날씨였습니다. MBC 뉴스는 24시간 여러분의 제보를 기다립니다.,https://news.naver.com/main/read.naver?mode=LSD&mid=sec&sid1=248&oid=214&aid=0001164695
20211208,날씨,연합뉴스TV,날씨 서쪽 공기질 나쁨…낮기온 서울 12도·부산 15도,찬바람이 잦아들면 어김없이 미세먼지가 찾아오기를 반복하고 있습니다. 지금 수도권을 제외한 서쪽 대부분 지역의 미세먼지농도가 나쁨 단계로 올라 있고요. 전북과 광주는 초미세먼지수치가 평소의 두배가량을 웃돌고 있습니다. 그나마 동풍이 고농도 국외 먼지는 밀어주고 있긴 한데 대기의 흐름이 원활하지 못하다보니 쌓인 먼지가 흩어지지 못하고 있고요. 여기에 국내 발생 먼지가 더해지고 있습니다. 오늘 서쪽지방을 중심으로 종일 공기질이 탁한 만큼 호흡기 관리에 유의하시기 바랍니다. 오늘도 낮들어 포근하겠습니다. 대부분 지역이 아침보다 10도 이상 껑충 오르겠고요. 오늘 최고기온 서울 12도 대전 13도 부산 13도가 예상됩니다. 그밖의 지역도 원주 11도 목포 13도 등 평년을 크게 웃돌겠습니다. 동해 먼바다는 오늘까지 바람이 매우 강하게 불고 물결이 높게 일겠습니다. 풍랑주의보가 발효 중이니까요. 해상 안전에 각별히 유의하셔야겠습니다. 주 내내 큰 추위 걱정은 없겠습니다. 다만 먼지 상황이 좋지 못한 날이 많은 것으로 보여 앞으로 발표되는 미세먼지 정보를 꼼꼼하게 살펴주셔야겠습니다. 지금까지 날씨 전해드렸습니다.,https://news.naver.com/main/read.naver?mode=LSD&mid=sec&sid1=248&oid=422&aid=0000517556
20211208,날씨,뉴시스,미세먼지로 뒤덮인 천안시청사,천안 뉴시스 이종익 기자 8일 오전 8시 기준 충남지역의 미세먼지 등 5개 대기오염물질을 나타내는 통합대기가 149 나쁨 를 기록한 가운데 천안시 서북구 불당동 일원에서 바라본 천안시청사 인근이 뿌옇게 보이고 있다. 2021.12.08. 007news newsis.com 사진 영상 제보받습니다 공감언론 뉴시스가 독자 여러분의 소중한 제보를 기다립니다. 뉴스 가치나 화제성이 있다고 판단되는 사진 또는 영상을 뉴시스 사진영상부 n photo newsis.com 로 보내주시면 적극 반영하겠습니다.,https://news.naver.com/main/read.naver?mode=LSD&mid=sec&sid1=248&oid=003&aid=0010876906
20211208,날씨,KBS,굿모닝 날씨 오늘 포근한 날씨…서쪽 미세먼지 ‘나쁨’,초봄 같은 겨울 날씨가 이어지고 있습니다. 오늘도 서울이 12 대전 13 광주가 14도로 평년 이맘때보다 3도에서 7도 정도나 높아 포근하겠는데요. 기온만 보면 3월 중순의 초봄에 해당합니다. 다만 이렇게 포근하니 미세먼지가 말썽입니다. 오늘 초미세먼지 농도는 수도권 충청 전북 광주는 종일 나쁨 으로 예상되고 전남과 대구 제주도는 오전에 일시적으로 나쁨 을 보이겠습니다. 현재 전국 내륙 지역에 안개가 자욱합니다. 가시거리 홍성이 60 안동이 100미터 등 시야 확보가 어려운 상황인데요. 지금 이 시각 광주 공항에는 저시정 경보가 발효 중입니다. 오늘 하늘은 대체로 맑겠습니다. 낮 기온은 전국 대부분 15도 가까이 오르겠는데요. 오늘 아침과 낮 낮과 밤의 기온 차가 10도 이상 큰 폭으로 벌어지겠습니다. 바다의 물결은 동해 남부 먼바다에 풍랑주의보가 내려진 가운데 3.5미터로 높게 일겠습니다. 당분간 별다른 비 소식 없이 평년보다 포근한 날씨가 계속되면서 대기질이 탁하겠습니다. 건강 관리에 유의하시기 바랍니다. 날씨 전해드렸습니다.,https://news.naver.com/main/read.naver?mode=LSD&mid=sec&sid1=248&oid=056&aid=0011171619
20211208,날씨,YTN,날씨 오늘도 겨울보다 초봄 날씨...서쪽 미세먼지 말썽,오늘도 계절의 시계가 겨울보다는 초봄에 가깝겠습니다. 오늘 서울의 아침 기온이 1.9도로 큰 추위는 없었고요 낮 기온은 12도까지 올라 예년 기온을 7도나 웃돌아 포근하겠습니다. 하지만 추위가 주춤한 틈을 타 연일 미세먼지가 말썽을 부리고 있는데요 현재 충남과 호남 지역의 초미세먼지 농도가 나쁨 수준 보이고 있고 앞으로 서울 등 그 밖의 서쪽 지역에서도 대기 질이 탁해지겠습니다. 오늘 낮 기온은 예년 기온을 3 7도가량 크게 웃돌며 포근하겠습니다. 서울 12도 광주와 대구 14도까지 오르겠습니다. 주 후반까지 미세먼지가 아니라면 대체로 맑고 온화하겠지만 다음 주 월요일 서울 아침 기온이 영하 6도까지 떨어지며 올겨울 들어 가장 추운 날씨가 찾아오겠습니다. 요즘 추위 대신 미세먼지가 말썽을 부리며 호흡기 건강이 비상입니다. 일교차까지 크게 벌어지기 때문에 면역력이 약해지기 쉬우니까요 개인위생 관리와 함께 체온 조절에 신경 써주시기 바랍니다. 지금까지 YTN 홍나실입니다.,https://news.naver.com/main/read.naver?mode=LSD&mid=sec&sid1=248&oid=052&aid=0001674478
20211208,날씨,아이뉴스24,오늘8일 최고기온 16도 따뜻…일교차 주의 미세먼지 나쁨,수요일인 8일 전국이 대체로 맑고 포근한 날씨를 보일 전망이다. 대기 정체 영향으로 수도권과 충청권·광주·전북에서 미세먼지 농도가 나쁨 그 밖의 권역에서 좋음 ∼ 보통 수준을 보이겠다. 이날 아침 최저기온은 3∼7도 낮 최고기온은 10∼16도로 예보돼 큰 일교차에 주의가 필요하다. 수요일 8일 날씨 사진 기상청 지역별 예상 아침 기온은 서울 1도 인천 2도 수원 0도 춘천 1도 강릉 5도 청주 1도 대전 1도 전주 1도 광주 2도 대구 2도 부산 7도 제주 9도다. 낮 최고기온은 서울 13도 인천 11도 수원 13도 춘천 10도 강릉 14도 청주 12도 대전 13도 전주 14도 광주 14도 대구 14도 부산 16도 제주 16도다. 기상청은 당분간 평년보다 3 7도가량 높은 기온을 웃도는 날씨가 지속될 예정 이라면서 낮과 밤의 기온차가 10 15도로 크겠으니 건강관리에 유의하기 바란다 고 당부했다. 다음 주에는 다시 영하권의 맹추위가 찾아올 전망이다.,https://news.naver.com/main/read.naver?mode=LSD&mid=sec&sid1=248&oid=031&aid=0000641029
20211208,날씨,뉴시스,오늘도 비교적 포근...수도권 미세먼지 나쁨,기사내용 요약 평년보다 최대 7도 높아 포근 충청·전북 등 미세먼지 나쁨 서울 뉴시스 홍효식 기자 서울 등 수도권 초미세먼지 농도가 나쁨 수준을 보인 지난달 29일 오전 서울 남산에서 바라본 서울 도심이 뿌옇다. 2021.11.29. yesphoto newsis.com 서울 뉴시스 신재현 기자 수요일인 8일 평년보다 기온이 높고 일교차가 매우 큰 날씨를 보일 전망이다. 수도권을 비롯한 일부 지역은 미세먼지가 나쁨 수준을 보일 것으로 예상된다. 기상청은 이날 당분간 기온이 평년보다 3 7도 높겠고 전국 대부분 지역에서 낮과 밤 사이 기온차가 10 15도로 크겠다 고 예보했다. 9일 낮 최고기온은 10 15도일 것으로 보인다. 주요 지역 낮 최고기온은 서울 12도 인천 10도 수원 13도 춘천 10도 강릉 14도 청주 12도 대전 13도 전주 13도 광주 14도 대구 14도 부산 15도 제주 16도다. 전국이 대체로 맑은 가운데 미세먼지는 나쁨 수준을 보이겠다. 수도권·충청권·광주·전북은 나쁨 그밖의 권역은 좋음 보통 이겠다. 전남·대구·제주권은 일시적으로 나쁨 수준일 것으로 전망된다. 기상청은 서쪽 지역을 중심으로 전일 미세먼지가 잔류하고 대기 정체로 국내 발생 미세먼지가 축적돼 농도가 높을 것으로 예상된다 고 설명했다. 이날 오전 10시까지 전국 대부분 내륙에는 맑은 날씨에 밤 사이 기온이 떨어지면서 짙은 안개가 끼는 곳이 많겠다. 그밖의 지역에도 가시거리 1㎞ 미만 안개가 낄 것으로 보인다.,https://news.naver.com/main/read.naver?mode=LSD&mid=sec&sid1=248&oid=003&aid=0010876829
20211208,날씨,연합뉴스TV,날씨 포근한 겨울 평년 웃돌아…서쪽 미세먼지,앵커 평년을 웃도는 포근한 날씨 속에 먼지가 말썽입니다. 서쪽지역을 중심으로는 종일 미세먼지농도가 나쁨 단계를 보이며 공기질이 좋지 못할텐데요. 자세한 날씨는 기상캐스터 연결해 알아보겠습니다. 김하윤 캐스터. 캐스터 오늘 하늘 대체로 맑은데요. 내륙 곳곳으로는 여전히 시야가 뿌얘서 가시거리 확보가 어렵습니다. 안개가 완전히 소산될 때까지 조심 운전하시기 바랍니다. 한낮에는 기온이 지금보다 10도 이상 껑충 올라 포근하겠습니다. 최고 기온 서울 12도 대전 13도 부산 15도 등 대부분 지역이 두 자릿수로 올라서면서 평년 기온을 크게 웃돌 텐데요. 문제는 온화한 날씨 속에 공기질이 좋지 못하다는 겁니다. 현재 충청과 호남지역을 중심으로 미세먼지농도가 나쁨 단계로 올라있는데요. 수도권도 차츰 먼지수치가 오르면서 서쪽지역을 중심으로 종일 대기질이 좋지 못하겠습니다. 호흡기 관리에 유의하시기 바랍니다. 지금까지 날씨 전해드렸습니다.,https://news.naver.com/main/read.naver?mode=LSD&mid=sec&sid1=248&oid=422&aid=0000517549
20211208,날씨,KBS,전국 대체로 맑아…초미세먼지 농도 높아져,오늘은 전국이 대체로 맑겠지만 내륙지역에는 오전에 안개가 끼는 곳이 있겠습니다. 초미세먼지 농도는 수도권과 충청지방 광주 전북은 오늘 계속 나쁨 수준을 보이겠고 전남과 대구 제주는 오전에 나쁨 단계로 높아지는 곳이 있겠습니다. 낮 최고기온은 서울이 12도 등 전국이 10도에서 15도로 어제와 비슷하거나 조금 낮겠습니다. 바다의 물결은 동해 남부 먼바다에서 최고 3m 안팎으로 높게 일겠습니다. 내일은 전국에 구름이 많이 끼는 날씨가 이어지겠습니다.,https://news.naver.com/main/read.naver?mode=LSD&mid=sec&sid1=248&oid=056&aid=0011171575
20211208,날씨,YTN,날씨 오늘도 큰 추위 없어...낮 동안 포근,오늘도 추위 걱정은 없겠습니다. 한낮에는 서울 기온이 12도까지 오르는 등 예년 기온을 크게 웃돌겠고요. 3월 초봄처럼 포근하겠습니다. 다만 일교차가 크게 벌어지기 때문에 옷차림에 신경 써주셔야겠습니다. 그 밖의 지역에서도 낮 기온 15도 안팎까지 오르겠습니다. 대전은 13도 광주 14도 부산 15도를 보이겠습니다. 오늘 하늘 자체는 맑겠지만 서쪽 지역을 중심으로는 대기가 정체하면서 먼지가 쌓이겠는데요. 초미세먼지 농도 나쁨 수준을 보이며 공기가 탁하겠습니다. 주 후반까지도 대기 상황은 계속해서 좋지 못하겠고요. 다음 주에는 다시 기온이 영하권으로 떨어지겠습니다. 지금까지 날씨 정보였습니다.,https://news.naver.com/main/read.naver?mode=LSD&mid=sec&sid1=248&oid=052&aid=0001674467
20211208,날씨,JTBC,날씨 전국이 맑고 포근…수도권·충청 미세먼지 나쁨,초봄 같은 포근한 날씨가 오늘 8일 도 이어집니다. 낮 기온은 서울이 12도 광주 14도 부산 15도로 어제와 비슷하겠는데요. 아침과 낮의 기온 차가 10도가 넘게 나는 만큼 건강 잘 챙기셔야겠습니다. 미세먼지 농도는 오늘도 수도권과 충청 지역에서 나쁨 수준이 예상됩니다.,https://news.naver.com/main/read.naver?mode=LSD&mid=sec&sid1=248&oid=437&aid=0000282925
20211208,날씨,뉴시스,제주 맑다가 구름 많은 날씨…일교차 커 건강 유의,제주 뉴시스 제주 한라산 어리목 1100도로 주변 . 사진 뉴시스DB 제주 뉴시스 강경태 기자 8일 제주지역은 대체로 맑은 날씨를 보이겠다. 제주지방기상청에 따르면 이날 제주는 발해만 부근에서 동진하는 고기압의 영향을 받아 대체로 맑다가 오후부터 구름이 많아지겠다. 낮 최고기온은 15 16도로 평년 12 14도 과 비슷하거나 높겠다. 영하의 기온으로 떨어지는 높은 산지를 중심으로 내린 눈이 얼어 미끄러운 곳이 있겠으니 등산객들은 안전사고에 각별한 주의가 필요하다. 기상청 관계자는 “당분간 낮과 밤의 기온 차가 7 98도 내외로 크겠으니 건강관리에 유의하기 바란다”고 당부했다.,https://news.naver.com/main/read.naver?mode=LSD&mid=sec&sid1=248&oid=003&aid=0010876793
20211208,날씨,KBS,날씨 광주·전남 평년 기온 웃도는 온화한 날씨…공기는 탁해,KBS 광주 오늘도 겨울이라기에는 다소 포근한 날씨가 예상됩니다. 아침은 어제보다 조금 더 낮은 기온으로 춥긴 하지만 한낮 기온 광주가 14도까지 올라 평년 기온보다 3 6도가량이나 높겠습니다. 다만 현재 곳곳에 안개가 짙게 끼어 있는데요 보성과 곡성 등은 가시거리가 200m 안팎으로 짧아져 있어서 교통안전에 주의하셔야겠습니다. 해가 뜨면서 안개는 점차 사라지겠지만 오늘도 미세먼지가 말썽입니다. 현재도 초미세먼지 농도 매우 나쁨 나쁨 단계 가리키고 있는데요 광주는 종일 전남은 오전에 일시적으로 나쁨 단계 예상됩니다. 외출하실 때 보건용 마스크 착용하시기 바랍니다. 지역별 기온 자세하게 살펴보겠습니다. 아침 기온 나주 2도 화순 1도로 어제와 비슷하거나 조금 더 낮습니다. 한낮 기온 여수 13도 순천 15도로 동부 지역은 어제보다는 조금 낮겠습니다. 목포 13도 영암 14도 진도 13도까지 오르겠고 신안도 13도로 포근하겠습니다. 바다의 물결은 전 해상에서 비교적 잔잔하겠습니다. 이번 주 내내 온화한 날씨 보이다가 다음 주에 기온이 크게 내려가겠습니다. 기상정보 전해드렸습니다.,https://news.naver.com/main/read.naver?mode=LSD&mid=sec&sid1=248&oid=056&aid=0011171547
20211208,날씨,연합뉴스TV,날씨 출근길 짙은 안개 먼지…서쪽 종일 공기 탁해,앵커 출근길 곳곳에서 안개와 먼지가 말썽입니다. 오늘도 큰 추위 없겠지만 서쪽지방 중심으로 종일 공기가 탁하겠습니다. 자세한 날씨는 기상캐스터 연결해 알아보겠습니다. 구본아 캐스터. 캐스터 오늘 출근길은 추위보다는 답답한 시야가 문제입니다. 지금 곳곳으로 안개와 먼지가 뒤엉켜 동시에 영향을 주고 있습니다. 운전하시는 분들 주의가 필요할 텐데요. 지금 내륙을 중심으로 가시거리가 많이 짧아져 있고 경기도 양주 80m 충남 아산 100m까지 시야가 좁혀져 있습니다. 광주공항으로는 저시정 경보가 발효 중이니까요. 항공편 이용하시는 분들은 운항정보도 다시 한번 확인하셔야겠습니다. 현재 충청도와 호남으로는 초미세먼지농도도 나쁨 수준을 보이고 있습니다. 평소 세 배에 달하는 수치를 보이는 곳도 있는데요. 오늘 서쪽을 중심으로 종일 공기가 탁하겠고 대구와 제주도도 오전에 일시 나쁨 수준을 보이겠습니다. 한편 오늘도 심한 추위 없겠고요. 지금 이 시각 서울 2.2도 광주 2.7도 부산 7.6도 나타내고 있습니다. 낮에는 서울 12도 남부지방은 15도 안팎까지 오르겠습니다. 당분간 날은 온화하겠지만 미세먼지가 자주 영향을 줄 전망입니다. 날씨 전해드렸습니다.,https://news.naver.com/main/read.naver?mode=LSD&mid=sec&sid1=248&oid=422&aid=0000517544
20211208,날씨,MBC,날씨 출근길 안개 유의‥서쪽 공기 탁해 온화한 오후,뉴스투데이 오늘 아침 먼지와 안개가 말썽입니다. 지금 서울은 그래도 먼지 상태도 괜찮고요. 안개도 옅어서 도로 시야가 나쁘지는 않은데요. 다른 내륙 곳곳으로는 이렇게 안개와 먼지가 뒤엉키면서 시야가 답답한 지역이 많습니다. 아침까지는 교통 안전에 주의하셔야겠습니다. 지금 먼지는 수도권 아래에 있는 서쪽 지역을 중심으로 몰려 있는데요. 북풍이 몰려들면서 서울은 보통 수준을 보이고 있지만 다른 내륙 지역은 나쁨이나 매우 나쁨 수준까지 올라 있는 상황입니다. 이들 지역은 종일 공기가 탁할 것으로 예상됩니다. 그래도 날은 온화하겠습니다. 오늘 한낮 기온 서울 12도 부산 15도 안팎으로 내년 3월에 해당하는 중하순 마치 초봄 같은 날씨를 보일 것으로예상되고 있습니다. 오늘 전국의 하늘 맑게 드러나겠지만 먼지가 머무는 서쪽 지역은 하늘이 탁할 수 있겠습니다. 오늘 아침도 크게 춥지 않습니다. 현재 기온 보시면 서울이 2.2도를 가리키고 있고요. 한낮 기온은 서울이 12도 안팎까지 예상되고 있습니다. 날씨였습니다. MBC 뉴스는 24시간 여러분의 제보를 기다립니다.,https://news.naver.com/main/read.naver?mode=LSD&mid=sec&sid1=248&oid=214&aid=0001164680
20211208,날씨,JTBC,날씨 포근하지만 서쪽 미세먼지 말썽…출근길 짙은 안개,img tag s 〈사진 연합뉴스〉 img tag e 오늘 8일 날씨는 대체로 포근하지만 수도권 등 일부 지역은 미세먼지가 말썽을 부리겠습니다. 전국 낮 기온은 10 15도로 평년보다 3 7도 정도 높겠습니다. 낮 최고기온은 서울 12도 강릉 14도 대전 13도 광주 14도 대구 14도가 되겠습니다. 낮과 밤 기온 차는 10 15도로 크겠습니다. 미세먼지 농도는 수도권·충정권·광주·전북은 나쁨 그 밖의 지역은 좋음 에서 보통 수준을 보이겠습니다. 다만 전남·대구·제주는 오전에 일시적으로 나쁨 수준이 예상됩니다. 오전엔 전국 내륙을 중심으로 가시거리 50 200m 미만의 짙은 안개가 끼는 곳이 있겠습니다. 기상청은 강이나 호수 골짜기 주변에 있는 교량과 도로에서는 주변보다 안개가 더욱 짙게 끼면서 가시거리가 급변하는 곳이 있겠으니 추돌사고 등 피해가 생기지 않도록 각별히 주의하기 바란다 고 당부했습니다.,https://news.naver.com/main/read.naver?mode=LSD&mid=sec&sid1=248&oid=437&aid=0000282912
20211208,날씨,경향신문,포근하지만 큰 일교차 수도권 미세먼지 나쁨 날씨,경향신문 YHAP 1일 오전 서울 광화문광장에서 시민들이 두꺼운 옷차림을 한 채 걸어가고 있다. 연합뉴스 YHAP 수요일인 8일은 평년보다 기온이 높지만 일교차가 매우 크겠다. 전국이 대체로 맑겠으나 수도권과 충청 지역에서 미세먼지는 ‘나쁨’ 수준일 것으로 보인다. 이날 아침 최저기온은 영하 3도에서 영상 7도 낮 최고기온은 10 16도 정도로 예상된다. 아침 기온은 서울 1도 인천 2도 수원 0도 춘천 1도 강릉 5도 청주 1도 대전 1도 전주 1도 광주 2도 대구 2도 부산 7도 제주 9도 등이다. 낮 최고기온은 서울 13도 인천 11도 수원 13도 춘천 10도 강릉 14도 청주 12도 대전 13도 전주 14도 광주 14도 대구 14도 부산 16도 제주 16도 등이다. 날씨는 맑겠으나 기온이 떨어지면서 내륙에서는 가시거리 200m 이하의 짙은 안개가 낄 것으로 보인다. 오전 3시까지 강원남부동해안과 경북북부동해안에는 0.1mm 미만의 빗방울이 떨어지는 곳이 있겠다. 동해중부먼바다와 동해남부북쪽먼바다에는 바람이 시속 30 55㎞로 매우 강하고 물결이 1.0 3.5m로 매우 높을 것으로 예상된다. 경남권해안에도 높은 물결이 밀려와 피해에 주의해야 한다.,https://news.naver.com/main/read.naver?mode=LSD&mid=sec&sid1=248&oid=032&aid=0003115002
20211208,날씨,연합뉴스TV,날씨클릭 추위 풀리자 초미세먼지…서쪽 공기질 나쁨,앵커 추위가 풀리자 공기가 탁해졌습니다. 오늘도 서쪽지방을 중심으로 종일 미세먼지농도 나쁨 수준을 보이겠습니다. 자세한 날씨는 기상캐스터와 함께 알아보겠습니다. 구본아 캐스터 확실히 출근길 추위는 한결 나아진 것 같은데요. 지금 공기가 탁하다구요 캐스터 네 그렇습니다. 깨끗한 공기와 따뜻한 날씨 둘 다 가지면 얼마나 좋을까요. 추위가 잠잠해지니 다시 미세먼지가 말썽을 부리고 있습니다. 특히나 입자가 작기 때문에 몸에 더욱 해로운 고농도 미세먼지가 현재 곳곳에서 나쁨 수준을 보이고 있습니다. 세종이 48 전북이 58마이크로그램으로 평소 세배 수치에 달하는데요. 오늘 수도권과 충청 등 서쪽지방 종일 공기가 탁하겠고요. 대구와 제주도도 오전에 일시 나쁨 수준을 보이겠습니다. 게다가 아침에는 짙은 안개까지 뒤엉키면서 시야가 더욱 답답하게 느껴지겠습니다. 보시다시피 지금 내륙 곳곳에 안개도 짙게 끼어있는 상황인데요. 충남 아산이나 경북 안동 등 일부 지역 가시거리가 150m 안팎까지 좁혀져 있습니다. 출근길 안전운전 하셔야겠습니다. 오늘 낮 동안 하늘 자체는 구름 없이 맑은 편이겠고요. 기온도 크게 오르겠습니다. 지금 이 시각 서울 2.7도 보이고 있는데요. 한낮에는 서울 12도 부산 15도로 온화하겠습니다. 당분간 뚜렷한 눈 비소식 없겠지만 미세먼지가 자주 영향을 주겠고요. 이번 주 온화한 날들이 이어지다가 다음 주 월요일부터 다시 영하권 추위가 찾아오겠습니다. 날씨클릭이었습니다.,https://news.naver.com/main/read.naver?mode=LSD&mid=sec&sid1=248&oid=422&aid=0000517528
20211208,날씨,YTN,날씨 포근하지만 서쪽 대기 질 탁해...출근길 안개 주의,오늘 아침도 추위 걱정은 없습니다. 현재 서울 기온 2.5도로 어제와 비슷하고요 낮에는 12도까지 올라서 포근하겠습니다. 하지만 출근길 안개와 미세먼지가 뒤엉키며 시야가 무척 답답합니다. 내륙 곳곳에 짙은 안개가 끼면서 가시거리가 200m 미만으로 바짝 좁혀져 있고요 여기에 미세먼지도 말썽입니다. 현재 충남과 호남 지역의 초미세먼지 농도가 나쁨 수준 보이고 있고 앞으로 서울 등 그 밖의 서쪽 지역에서도 대기 질이 탁해지겠습니다. 오늘 아침은 대부분 영상권을 보이고 있습니다. 현재 서울 2.5도 대구 1.7도로 어제와 비슷하고요 한낮에는 서울 12도 광주와 대구 14도로 예년보다 3 7도가량 높아 포근하겠습니다. 주 후반까지 대체로 맑고 포근하겠지만 다음 주 월요일에는 서울의 아침 기온이 영하 6도까지 떨어지며 올겨울 들어 가장 추운 날씨가 찾아오겠습니다. 요즘 추위 대신 미세먼지가 말썽을 부리며 호흡기 건강이 비상입니다. 여기에 일교차까지 크게 벌어지면서 면역력이 약해지기 쉬우니까요 개인위생 관리와 함께 체온 조절에 신경 써주시기 바랍니다. 지금까지 YTN 홍나실입니다.,https://news.naver.com/main/read.naver?mode=LSD&mid=sec&sid1=248&oid=052&aid=0001674452
20211208,날씨,뉴시스,부산 대체로 맑은 날씨…낮 최고 15도 전망,부산 뉴시스 하경민 기자 8일 부산지역은 대체로 맑은 날씨가 될 것으로 부산기상청은 예보했다. 밤새 최저기온은 7.7도를 기록했고 낮 최고기온은 15도로 예상됐다. 부산기상청은 당분간 기온이 평년보다 2 7도 높겠으며 낮과 밤의 기온차도 크겠다 고 밝혔다. 동해남부남쪽먼바다에 발효 중인 풍랑주의보는 이날 밤 해제될 것으로 보인다. 부산의 미세먼지와 초미세먼지 농도는 보통 수준으로 전망됐다.,https://news.naver.com/main/read.naver?mode=LSD&mid=sec&sid1=248&oid=003&aid=0010876717
20211208,날씨,뉴시스,대구·경북 대체로 맑음…낮 1214도,서울 뉴시스 백동현 기자 맑은 날씨를 보인 12일 오전 서울 서초구 서울중앙지방법원에서 시민들이 이동하고 있다. 2021.11.12. livertrent newsis.com 대구 뉴시스 김정화 기자 대구와 경북은 대체로 맑은 가운데 경북 동해안은 구름 많은 날씨가 예상된다. 8일 대구지방기상청에 따르면 이날 대구·경북은 발해만 부근에서 동진하는 고기압 영향을 받겠다. 낮 기온은 12도 14도의 분포로 평년 5 9도 보다 높을 것으로 예측된다. 대구·경북 주요 지역 낮 최고기온은 대구 14도 구미 13도 봉화 12도 등이다. 바다의 물결은 동해 남부·중부 앞바다 1 3m 먼바다에 1 3.5m로 일겠다. 미세먼지 농도는 보통 수준으로 전망된다. 대구는 오전에 일시적으로 나쁨 수준을 보이겠다. 대구기상청 관계자는 낮과 밤의 기온 차가 내륙을 중심으로 15도 내외로 크겠으니 건강관리에 유의하기 바란다 고 당부했다.,https://news.naver.com/main/read.naver?mode=LSD&mid=sec&sid1=248&oid=003&aid=0010876716
20211208,날씨,서울경제,오늘의 날씨 전국 포근한 날씨 속 수도권·서해안 미세먼지,7일 경기도 광주시 남한산성에서 바라본 서울 시내 모습. 연합뉴스 서울경제 8일 전국의 날씨는 대체로 맑겠으나 동해안에는 아침까지 구름이 많겠다. 기상청에 따르면 이날 미세먼지 농도는 대기 정체의 영향으로 수도권·충청권·광주·전북에서 나쁨 그 밖의 권역에서 좋음 ∼ 보통 수준을 보이겠다. 대구는 오전에 일시적으로 나쁨 수준을 보이겠다. 아침 최저기온은 3∼7도 낮 최고기온은 10∼16도로 예보됐다. 오전에는 전국 내륙지역 대부분에서 가시거리 200ｍ 이하의 짙은 안개가 끼는 곳이 많고 그 밖의 지역에도 가시거리 1㎞ 미만의 안개가 끼는 곳이 있겠다. 강원·경북·경남권 동해안은 너울 유입이 예보됐다. 바다의 물결은 동해 앞바다에서 1.0∼2.5m 서해 앞바다에서 0.5m 남해 앞바다에서 0.5∼2.0m로 일겠다.,https://news.naver.com/main/read.naver?mode=LSD&mid=sec&sid1=248&oid=011&aid=0003994160
20211208,날씨,KBS,출근길 날씨 맑고 포근해요…서쪽 미세먼지↑,추위가 누그러지면서 어제 한낮에는 두터운 겉옷이 거추장스럽게 느껴지기도 했습니다. 오늘도 서울의 아침 기온 3.0도로 큰 추위는 없는데요. 한낮에는 서울 12도 광주와 대구 14도로 평년 기온을 크게 웃돌겠습니다. 다만 미세먼지가 말썽입니다. 서쪽 지역에서는 미세먼지를 주의하셔야겠습니다. 수도권과 충청 호남과 제주는 초미세먼지 농도 나쁨 수준이 예상됩니다. 현재 충남과 호남을 중심으로 먼지와 안개가 뒤엉켜서 가시거리가 짧은데다 일부 도로에는 살얼음이 끼어 있을 수 있어서 교통 안전에 유의하셔야겠습니다. 현재 기온은 평년보다 2 5도 높습니다. 낮 기온은 서울 12도 강릉 14도 광주와 대구 14도로 평년 기온을 웃돌며 온화하겠습니다. 바다의 물결은 동해 먼바다에서 최고 3.5미터로 높게 일겠습니다. 이번 주 내내 추위 걱정은 없겠고 일교차만 크게 벌어지겠습니다. 날씨정보 전해드렸습니다.,https://news.naver.com/main/read.naver?mode=LSD&mid=sec&sid1=248&oid=056&aid=0011171468
20211208,날씨,연합뉴스TV,날씨 출근길 초미세먼지 나쁨…한낮 온화 큰 일교차 유의,출근길 추위는 풀렸는데요. 어김없이 또 미세먼지가 말썽입니다. 특히 입자가 작기 때문에 몸에 더욱 해로운 고농도 미세먼지가 영향을 주고 있습니다. 현재 세종의 초미세먼지농도 51 전북 58 광주가 59 마이크로그램으로 나쁨 수준을 보이고 있는데요. 오늘 수도권과 충청 등 서쪽지방 중심으로 종일 공기가 탁한 곳이 많겠고요. 대구와 제주도도 오전에 일시 나쁨 수준을 보이겠습니다. 게다가 아침에는 짙은 안개까지 뒤엉키면서 시야가 더욱 답답하게 느껴질텐데요. 지금 내륙 곳곳에 안개가 짙게 끼어있고요. 강원도 영월이나 경북 안동을 포함한 일부지역은 가시거리가 200m 이하로 좁혀져 있습니다. 출근길 안전운전 하셔야겠습니다. 오늘 낮 동안 하늘은 구름없이 맑은 편이겠고 기온도 크게 올라서 온화하겠습니다. 지금 이 시각 서울 3도 부산 8.2도로 출근길 큰 추위 없이 시작하고 있는데요. 한낮 기온은 서울 12도 부산 15도로 평년수준을 크게 웃돌겠습니다. 오늘 바다의 물결은 동해상을 중심으로 3m 안팎까지 높게 일겠습니다. 당분간 뚜렷한 눈 비소식은 없습니다. 대신 미세먼지가 자주 영향을 주겠고요. 이번주 내내 비교적 온화한 날들이 이어지다가 다음주 월요일부터 다시 영하권 추위가 찾아올 전망입니다. 날씨 전해드렸습니다.,https://news.naver.com/main/read.naver?mode=LSD&mid=sec&sid1=248&oid=422&aid=0000517527
20211208,날씨,뉴시스,전북 낮 1113도 맑음…대기질 나쁨 단계,전주 뉴시스 김얼 기자 쌀쌀한 날씨가 이어지고 있는 2일 전북 전주시 전라감영 위로 푸른 하늘이 펼쳐져 있다. pmkeul newsis.com 전북 뉴시스 고석중 기자 8일 수요일 전북지역은 대체로 맑은 날씨가 이어지겠다. 밤과 낮 기온 차가 커 옷차림에 신경을 써야 한다. 아침까지 내륙을 중심으로 가시거리 200m 이하의 짙은 안개가 끼는 곳이 많고 기온이 영하로 떨어지면서 도로 살얼음이 발생할 가능성이 커 교통안전에 신경을 써야 한다. 오전 5시 기온은 진안·장수 영하 3도 남원·임실·무주 영하 2도 순창 영하 1도 고창·완주·전주 0도 부안·정읍 1도 김제·익산 2도 군산 4도다. 낮 오후 1 2도 기온은 무주·진안·장수 11도 임실·정읍·부안·군산·군산·김제 12도 익산·전주·순창·완주·남원 13도다. 국내에 잔류한 대기오염물질이 정체하면서 미세먼지 나쁨 초미세먼지 나쁨 단계를 보이겠다. 황사는 좋음 자외선지수 보통 오존 보통 수준이다. 군산 앞바다 만조시각은 오전 5시32분이고 간조는 낮 12시9분이다. 일출은 오전 7시32분이고 일몰은 오후 5시20분이다. 내일 9일 목요일 하늘은 구름이 많겠다. 기온은 아침 최저 영하 3 영상 2도 낮 최고 11 13도가 예상된다.,https://news.naver.com/main/read.naver?mode=LSD&mid=sec&sid1=248&oid=003&aid=0010876705
20211208,날씨,뉴시스,울산 대체로 맑음…낮 최고 14도,울산 뉴시스 박수지 기자 8일 울산지역은 대체로 맑은 날씨를 보이겠다. 이날 아침 최저기온은 6도를 기록했고 낮 최고기온은 14도로 예상됐다. 바다의 물결은 울산 앞바다에서 1 2.5m 동해남부 먼바다에서 1.5 3.5m로 일겠다. 미세먼지 농도는 좋음 수준을 보이겠다. 울산 기상대는 해안에 너울이 유입되면서 높은 물결이 백사장으로 강하게 밀려오겠으니 안전사고에 유의할 것 을 당부했다.,https://news.naver.com/main/read.naver?mode=LSD&mid=sec&sid1=248&oid=003&aid=0010876704
20211208,날씨,뉴시스,충북 출근길 짙은 안개…미세먼지 나쁨,청주 뉴시스 안성수 기자 수요일인 8일 충북지역은 대체로 맑겠으나 오전까지 북부를 중심으로 가시거리 200m이하의 안개가 끼는 곳이 있겠다. 청주기상지청에 따르면 이날 오전 6시 현재 기온은 제천 영하 3.9도 보은 영하 2.7도 충주 영하 2.2도 추풍령 영하 1.9도 청주 2.9도 등이다. 낮 최고기온은 11 13도로 전날과 비슷하겠다. 미세먼지는 나쁨 수준으로 국립환경과학원은 예보했다. 기상지청 관계자는 밤사이 안개가 끼는 지역에서는 도로 살얼음이 발생할 가능성이 있으니 결빙으로 인한 교통사고와 보행자 안전사고에 각별히 유의하기 바란다 고 말했다.,https://news.naver.com/main/read.naver?mode=LSD&mid=sec&sid1=248&oid=003&aid=0010876701
20211208,날씨,뉴시스,경기남부 출근길 짙은 안개...미세먼지 연일 나쁨,기사내용 요약 낮 기온 주말까지 계속 10도 내외 포근해 서울 뉴시스 조성우 기자 수도권과 충청 5개 시·도에 미세먼지 비상저감조치가 발령된 21일 오전 서울 서초구 누에다리에서 바라본 도심이 미세먼지로 뿌옇게 보이고 있다. 2021.11.21. xconfind newsis.com 수원 뉴시스 변근아 기자 8일 경기남부지역은 낮 기온이 평년보다 높고 일교차가 큰 날씨겠다. 수도권기상청에 따르면 발해만 부근에서 동진하는 고기압의 영향을 받아 이날 날씨가 대체로 맑다가 밤부터 구름이 많아지겠다. 밤사이 지표부근 기온이 떨어져 수증기가 얼면서 출근길 경기내륙을 중심으로 가시거리 200m 미만의 짙은 안개가 끼는 곳이 있겠다. 특히 강이나 호수 골짜기 주변에 있는 교량과 도로에서는 주변보다 안개가 더욱 짙어 차량 운행 시 추돌사고 등 피해가 발생하지 않게 주의해야 한다. 낮 기온은 주말까지 계속 10도 이상 포근하겠다. 아침 최저기온은 수원 0도 등 영하 5 2도 낮 최고기온은 수원 13도 등 10 13도로 예상된다. 일교차가 10 15도로 커 건강관리에 유의해야 한다. 아울러 기상청은 수도권 내륙 대기가 건조해 산불 등 각종 화재예방에도 각별히 유의해달라고 당부했다. 한편 미세먼지 농도는 전날 미세먼지가 남아있고 대기정체로 국내 발생 미세먼지가 축적돼 나쁨 수준을 보이겠다.,https://news.naver.com/main/read.naver?mode=LSD&mid=sec&sid1=248&oid=003&aid=0010876690
20211208,날씨,뉴시스,충남 대부분 지역 일교차 1015도…오후 미세먼지 나쁨,대전 뉴시스 김도현 기자 8일 대전·충남·세종 지역은 평년보다 기온이 높은 가운데 일교차가 10 15도로 매우 크겠다. 기상청에 따르면 이날 발해만 부근에서 동진하는 고기압 영향을 받아 맑다가 구름이 많아지겠다. 충남 내륙 지역을 중심으로 오전 10시까지 밤사이 지표 부근의 기온이 떨어지면서 가시거리 200m 미만의 짙은 안개가 끼겠다. 그 밖의 지역은 가시거리 1㎞ 미만의 안개가 끼는 곳이 있겠다. 밤사이 지표면 기온이 영하로 떨어지는 지역에서는 짙은 안개로 도로에 살얼음이 발생할 가능성이 있어 교통안전에 유의해야겠다. 아침 최저기온은 영하 4 3도 낮 최고기온은 11 13도가 되겠다. 지역별 아침 최저기온은 청양 영하 4도 금산·계룡 영하 3도 논산·천안·공주·부여·서천 영하 2도 서산·당진·대전·세종·아산 영하 1도 예산·홍성 0도 태안 1도 보령 3도 분포를 보이겠다. 낮 최고기온은 예산 10도 홍성·당진·보령·아산 11도 청양·계룡·천안·서천·서산·세종·공주 12도 논산·금산·부여·대전·태안 13도로 예보됐다. 한편 국립환경과학원에 따르면 이날 미세먼지 수치는 오전 ‘보통’에서 오후 ‘나쁨’으로 바뀌겠다.,https://news.naver.com/main/read.naver?mode=LSD&mid=sec&sid1=248&oid=003&aid=0010876676
20211208,날씨,YTN,날씨 포근하지만 초미세먼지 나쁨...출근길 짙은 안개,오늘도 예년 기온을 웃도는 온화한 겨울 날씨가 이어지겠습니다. 현재 서울 기온 2.9도 낮 기온은 12도로 어제만큼 포근하겠습니다. 하지만 오늘 아침은 안개와 미세먼지가 말썽인데요 강원과 충청 호남 등 내륙 곳곳에 짙은 안개가 끼면서 가시거리가 100m가 채 안되는 곳이 있습니다. 여기에 먼지까지 뒤엉키면서 시야가 무척 답답합니다. 현재 충남과 호남 지역의 대기 질이 탁하고요 앞으로 서울 등 그 밖의 서쪽 지역에서도 초미세먼지 농도가 나쁨 수준을 오르내리겠습니다. 오늘 아침도 대부분 영상권을 보이며 크게 춥지 않습니다. 현재 서울 2.9도 대구 2.2도 대전 1.1도로 출발하고 있습니다. 한낮에는 서울 12도 광주와 대구 14도로 예년보다 3 7도가량 높아 포근하겠습니다. 주 후반까지 추위 걱정 없겠고요 맑고 온화한 겨울 날씨가 이어지겠습니다. 하지만 큰 일교차와 함께 미세먼지까지 말썽을 부리며 호흡기 건강이 비상인데요. 호흡기가 약하신 분들은 장시간 야외활동을 자제해주시고 면역력 관리에 각별히 신경 써주시기 바랍니다. 지금까지 YTN 홍나실입니다.,https://news.naver.com/main/read.naver?mode=LSD&mid=sec&sid1=248&oid=052&aid=0001674443
20211208,날씨,KBS,전국 대체로 맑아…낮 기온 평년 기온 웃돌아,오늘은 전국이 대체로 맑겠지만 내륙에는 오전까지 짙은 안개가 끼는 곳이 많겠습니다. 낮 최고 기온은 서울 13도 등 전국이 10도에서 16도로 어제와 비슷하겠습니다. 미세먼지 농도는 수도권과 세종·충남북은 나쁨 대전·광주·전북은 오전에 일시적으로 나쁨 수준을 보이겠습니다. 바다의 물결은 동해 중부와 남부 먼바다에서 2에서 3미터로 높게 일겠습니다. 동해안과 경남권 해안에는 높은 너울성 파도가 밀려드는 곳이 있겠습니다. 내일은 전국에 가끔 구름이 많이 끼겠습니다.,https://news.naver.com/main/read.naver?mode=LSD&mid=sec&sid1=248&oid=056&aid=0011171447
20211208,날씨,한국일보,에코백 메일함 속 불필요한 메일만 지워도 탄소배출 확 준다,편집자주 갈수록 환경에 대한 관심은 커지지만 정작 관련 이슈와 제도 개념은 제대로 알기 어려우셨죠 에코백 Eco Back 은 데일리 뉴스에서 꼼꼼하게 다뤄지지 않았던 환경 뒷얘기를 쉽고 재미있게 푸는 코너입니다. 지구온난화 대책은 탄소배출 감축입니다. 탄소배출을 줄이자면 다들 석유화학발전소 내연기관 자동차 같은 걸 떠올리기 마련인데요. 메일함에 쌓인 메일 한 통만 지워도 무심코 하는 포털 검색 한 번만 덜해도 탄소배출을 줄일 수 있다는 사실을 알고 계셨나요. 그거 해봤자 얼마나 되겠어 할 문제가 아닙니다. 디지털 세상은 엄청난 탄소를 만들어내고 있어서입니다. 멀리 갈 것 없이 이 기사를 쓰고 있는 기자의 하루를 통해 살펴봤습니다. 기자의 메일 계정들. 받은 메일이 6 000 9 000여 개에 달한다. 기사를 작성하면서 불필요한 메일들을 모두 삭제했다. 김진주 기자 디지털 탄소 생활 배출량의 3배 우선 메일함부터 열어봤습니다. 저는 구글과 네이버에 각 1개씩에다 회사 메일까지 모두 3개 계정을 씁니다. 구글에 6 300여 통 네이버에 3 400여 통 회사 메일에 9 200여 통이 와 있었습니다. 용량으로 따지면 구글은 10.79GB 네이버는 0.078GB 회사 메일은 14.34GB입니다. 코로나19 때문에 대면 취재 기회가 줄다보니 전화 통화를 예전보다 더 많이 더 길게 하는 편입니다. 시간을 확인해보니 하루 평균 2시간 정도는 통화 중입니다. 스마트폰은 하루 평균 5시간 30분쯤 쓰는데 이 가운데 1시간 정도는 이런저런 스트리밍 서비스를 통해 드라마 예능 등을 보는 데 씁니다. 이를 탄소 발생량으로 바꿔보면 통화 0.4㎏ 와 영상 시청 6g 은 그나마 탄소배출량이 적습니다만 저장용량 기준 메일함에서만 375㎏의 탄소가 나옵니다. 먹고 씻고 이동하다 보면 생기는 제 하루 일과에서 발생하는 탄소가 24.56㎏인 점을 감안하면 이메일만 해도 대략 15.5배에 달합니다. 불필요한 메일만 지워도 탄소 배출 뚝↓ 통상 메일은 한 통에 4g의 이산화탄소를 배출합니다. 메일함 1GB를 비우면 14.9㎏을 감축할 수 있습니다. 우리나라 국민 5 182만 명이 메일 50통씩을 지우면 탄소 1 036㎏을 줄일 수 있습니다. 서울 제주를 비행기로 4번 왕복하고도 남는 양입니다. 영국 에너지공급업체 오보 OVO 에너지도 쓸데 없는 메일 75%만 지워도 230만 대의 자동차를 도로에서 없애는 것과 같은 효과를 낸다고 설명했습니다. 이 밖에 통화는 1분에 3.6g 포털은 검색 때마다 0.2g 비디오 스트리밍은 10분당 1g 데이터는 1MB당 11g의 탄소를 배출합니다. 텔레비전은 매일 1시간씩 시청할 경우 32인치 기준 연간 탄소 32㎏을 배출합니다. 휘발유차 한 대로 72㎞를 운전한 것과 같습니다. 데이터센터 내부 모습. 게티이미지뱅크 전기 먹는 하마 데이터 센터 디지털 데이터가 탄소를 내뿜는다 언뜻 와닿지 않는 이야기일 수 있습니다. 하지만 사실입니다. 메일을 보관하려면 데이터센터가 가동돼야 합니다. 데이터센터는 24시간 동안 일정 온도하에서 가동됩니다. 엄청난 전기가 필요한 시설입니다. 이미 2013년 기준으로 국내 데이터센터의 연간 총 전력 사용량은 원자력발전소 연간 발전량의 3분의 1에 도달했습니다. 데이터센터를 전기 먹는 하마 라 부르는 이유입니다. 메일을 쓰거나 읽을 때 사용하는 전자기기와 데이터 유통에 사용되는 전송망에서도 탄소가 배출됩니다. 스마트폰도 마찬가지입니다. 검색 등을 할 경우 와이파이나 LTE 같은 네트워크를 거쳐 데이터센터로 서버를 연결할 때 탄소가 발생합니다. 가령 포털사이트에서 한국일보 에코백 을 검색하면 스마트폰이 한국일보 서버에 접속해 기사 사진 동영상을 불러들이는데 이 과정에서도 탄소가 발생합니다. 동영상은 스트리밍 대신 다운로드 어떻게 하면 디지털 탄소 배출을 줄일 수 있을까요. 우선 메일함은 필요한 것만 남겨두고 비워야 합니다. 불필요한 메일을 계속 쌓아두면 데이터센터가 이를 보관하기 위해 더 많은 전기를 소모하게 되고 결국 더 많은 이산화탄소가 발생합니다. 주말이나 늦은 밤 각종 스트리밍 서비스를 통해 음악이나 영화 드라마를 즐기신다고요 스트리밍 대신 다운로드를 해야 탄소 발생을 줄일 수 있습니다. 스트리밍의 경우 데이터센터와 계속 연결돼야 하기 때문에 탄소배출이 더 많이 발생하게 됩니다. 또 영상을 볼 때 모니터 밝기를 낮추면 에너지를 최대 20% 절약할 수 있습니다. 불필요한 검색을 줄이기 위해 자주 이용하는 사이트는 즐겨찾기에 등록해 놓는 걸 추천합니다. 검색엔진을 자주 이용할수록 데이터 트래픽이 증가해 더 많은 탄소를 배출하게 되기 때문입니다. 탄소배출이라고 하면 거대한 설비가 뒤따라다니는 중후장대 산업을 떠올리셨나요. 그 정도까진 아니라 해도 조금만 신경 쓰면 우리가 할 수 있는 일도 있습니다. 디지털 탄소 다이어트 도 그중 하나입니다.,https://news.naver.com/main/read.naver?mode=LSD&mid=sec&sid1=248&oid=469&aid=0000645500
20211208,날씨,뉴시스,인천 맑고 낮 최고기온 11도 내외 포근…출근길 안개 주의,인천 뉴시스 김동영 기자 8일 인천지역은 발해만 부근에서 동진하는 고기압의 영향을 받아 대체로 맑겠다. 수도권기상청은 “오늘 인천지역의 낮 최고기온은 11도 내외의 분포를 보이며 포근하겠다”며 “낮과 밤의 기온차가 10도 이상으로 크겠다”고 예보했다. 아침 최저기온은 강화군·계양구·남동구 영하 1도 부평구·서구·연수구·중구 1도 동구·미추홀구 2도 옹진군 5도 등으로 전망된다. 낮 최고기온은 강화군 12도 계양구·남동구·동구·미추홀구·부평구·서구·연수구·중구 11도 옹진군 9도 등으로 예상된다. 서해중부앞바다는 바람이 초속 2 6m로 불어 바다의 물결은 0.5m로 일겠다. 이날 인천 지역의 미세먼지 농도는 ‘보통’ 수준을 보이겠으나 초미세먼지의 농도는 나쁘겠다. 기상청 관계자는 기상청 관계자는 “아침 출근길에 가시거리 200m 이하의 짙은 안개가 끼는 곳이 있겠다”며 “교통안전에 유의해야 한다”고 당부했다.,https://news.naver.com/main/read.naver?mode=LSD&mid=sec&sid1=248&oid=003&aid=0010876658
20211208,날씨,뉴스1,오늘의 날씨 대전·충남8일 수…미세먼지 나쁨 아침 짙은 안개,안개. 뉴스1 DB 대전ㆍ충남 뉴스1 김종서 기자 8일 대전·충남지역은 대체로 맑은 가운데 대기질이 다소 나쁘고 새벽부터 아침까지 가시거리 50 500m 사이 짙은 안개가 끼는 곳이 있다. 대전지방기상청에 따르면 이날 아침 최저기온은 계룡·청양 영하 4도 금산 영하 3도 공주·논산·천안·부여·서천 영하 2도 대전·아산·예산·서산·당진·홍성 영하 1도 태안 1도 보령 2도로 전날과 비슷하거나 1도 낮다. 낮 최고기온은 아산·예산·당진 11도 공주·계룡·천안·청양·서산·홍성·서천 12도 대전·논산·금산·부여·태안·보령 13도로 전날과 비슷하거나 1도 높을 것으로 보인다. 바다의 물결은 0.5m로 일 전망이다. 국립환경과학원 대기질통합예보센터는 대전과 충남 미세먼지 농도가 나쁨 수준을 보일 것으로 내다봤다.,https://news.naver.com/main/read.naver?mode=LSD&mid=sec&sid1=248&oid=421&aid=0005770769
20211208,날씨,뉴스1,오늘의 날씨 강원8일 수…맑고 포근 아침 짙은 안개,원주 중앙고속도로 짙은 안개. 뉴스1 DB 강원 뉴스1 윤왕근 기자 8일 강원지역은 대체로 맑다. 이날 영서지역은 맑지만 밤 사이 지표부근의 기온이 떨어지면서 오전시간대 가시거리 200m 이하의 짙은 안개가 끼는 곳이 있어 교통안전에 유의해야 한다. 짙은 안개로 원주공항 운항에 차질이 생길 우려가 있어 항공교통 이용객들은 사전에 운항정보를 확인해야 한다. 이날 아침 최저기온은 영서 4 1도 산지 4 2도 영동 0 6도 낮 최고기온은 영서 10 12도 산지 9 10도 영동 13 14도로 예상된다. 이날 풍랑특보가 발효된 동해 중부먼바다에는 초속 8 15m의 강풍이 불어 바다의 물결 역시 1 3.5m로 높게 일어 항해나 조업하는 선박은 유의해야 한다. 이날 강원의 미세먼지는 오전과 오후 모두 ‘보통’ 수준을 나타낸다.,https://news.naver.com/main/read.naver?mode=LSD&mid=sec&sid1=248&oid=421&aid=0005770765
20211208,날씨,뉴시스,최고기온 16도 일교차 큰 날씨…수도권 대기 나쁨,기사내용 요약 평년보다 3 7도 기온 높아…낮 최고 16도 내륙 가시거리 200m 이하 짙은 안개 예상 강원·경북·경남 해안 너울 유입…안전 주의 대전·광주·전북 오전 중 미세먼지 나쁨 서울 뉴시스 홍효식 기자 서울 등 수도권 초미세먼지 농도가 나쁨 수준을 보인 지난달 29일 오전 서울 남산에서 바라본 서울 도심이 뿌옇다. 2021.11.29. yesphoto newsis.com 서울 뉴시스 이윤희 기자 수요일인 8일은 평년보다 기온이 높고 일교차가 매우 큰 날씨를 보이겠다. 수도권과 충청 지역은 미세먼지가 나쁨 수준을 보이겠고 내륙에는 짙은 안개가 예상돼 주의가 필요하다. 기상청은 전국이 대체로 맑겠으나 동해안은 아침까지 구름 많겠다 면서 당분간 기온은 평년 아침 7 3도 낮 3 11도 보다 3 7도 높겠다 고 예보했다. 전국 대부분 지역에서 낮과 밤의 기온 차는 10 15도가량으로 크게 예상된다. 아침 최저기온은 3 7도 낮 최고기온은 10 16도를 오가겠다. 주요 지역 아침기온은 서울 1도 인천 2도 수원 0도 춘천 1도 강릉 5도 청주 1도 대전 1도 전주 1도 광주 2도 대구 2도 부산 7도 제주 9도다. 낮 최고기온은 서울 13도 인천 11도 수원 13도 춘천 10도 강릉 14도 청주 12도 대전 13도 전주 14도 광주 14도 대구 14도 부산 16도 제주 16도다. 맑은 날씨에 지표부근 기온은 떨어지면서 오전 10시까지 전국 대부분 내륙에 가시거리 200m 이하의 짙은 안개가 끼는 곳이 많을 전망이다. 그 밖의 지역도 가시거리 1㎞ 미만 안개가 끼는 곳이 있겠다. 기상청은 강이나 호수 골짜기 주변 교량과 됴로에는 주변보다 짙게 안개가 끼면서 가시거리가 급변하는 곳이 있겠다 며 밤 사이 안개가 끼는 지역에서는 지표면 기온이 영하로 떨어지면서 도로 살얼음이 발생할 가능성도 높다 고 강조했다. 짙은 안개로 항공기 운항에 차질이 있을 가능성도 있어 사전에 운항정보를 확인해야 한다고 기상청은 당부했다. 강원동해안과 경북동해안 경남권해안은 너울이 유입돼 백사장 방파제 등에서 안전사고에 유의해야 한다. 수도권과 세종 충북 충남은 미세먼지가 나쁨 수준을 보일 것으로 예상된다.,https://news.naver.com/main/read.naver?mode=LSD&mid=sec&sid1=248&oid=003&aid=0010876651
20211208,날씨,KBS,라인 날씨 오늘 수도권·충청·전북 미세먼지 ‘나쁨’ 안개 주의,일 년 중 눈이 가장 많이 내린다는 절기 대설 이었던 어제. 동풍의 영향으로 동해안에 눈이나 비가 내렸습니다. 밤이 된 지금은 눈 비가 대부분 그치고 구름만 잔뜩 끼어있는데요. 오늘 새벽까지 동해안에 빗방울이 떨어지는 곳이 있겠고 아침부터는 동쪽 지역 구름이 차츰 걷히며 전국이 대체로 맑겠습니다. 다만 고농도 미세먼지와 안개를 주의해야 할 텐데요. 수요일인 오늘 하루 수도권과 충청 광주 전북의 초미세먼지 농도는 나쁨 수준 대구는 오전에 일시적으로 나쁨 수준에 들겠고요. 새벽까지 대부분 내륙과 강원 산간에 가시거리 200m 이하의 매우 짙은 안개가 끼겠습니다. 차간 거리를 충분히 유지하고 속도를 줄여 운행하시기 바랍니다. 오늘 서울의 아침 기온 영상 1도 낮 기온 13도 등 평년 기온을 웃돌아 비교적 온화하겠습니다. 전주의 아침 기온 1도 낮 기온 14도 등 일교차가 크겠고 남부지방의 낮 기온은 15도 안팎까지 크게 오르겠습니다. 물결은 동해 먼바다에서 최고 3.5 미터로 높게 일겠습니다. 당분간 뚜렷한 비 소식 없이 대체로 맑겠습니다. 날씨였습니다.,https://news.naver.com/main/read.naver?mode=LSD&mid=sec&sid1=248&oid=056&aid=0011171435
20211208,날씨,YTN,날씨 오늘도 전국 대부분 초미세먼지 나쁨...주 후반까지 계속,오늘도 수도권을 비롯한 전국 대부분 지역의 초미세먼지 농도가 나쁨 수준까지 치솟을 것으로 보여 주의가 필요합니다. 국립환경과학원은 국외 미세먼지가 유입된 데다 대기 정체로 국내 오염 물질이 계속 축적하고 있어 서쪽 지방을 중심으로는 호흡기에 안 좋은 초미세먼지 농도가 평소 2 3배 수준까지 높게 나타나고 있다고 밝혔습니다. 오늘도 수도권과 충청·호남 곳곳의 초미세먼지 농도가 종일 나쁨 수준을 보이겠고 대구 등 영남 지방은 오전 한때 나쁨 수준까지 치솟겠습니다. 특히 이번 주는 포근한 날씨 속에 대기 정체가 지속하면서 초미세먼지가 점점 짙어질 가능성이 커 외출 시에는 KF80 이상의 미세먼지용 마스크를 착용해야 할 것으로 보입니다.,https://news.naver.com/main/read.naver?mode=LSD&mid=sec&sid1=248&oid=052&aid=0001674405
20211208,날씨,KBS,전국 대체로 맑아…내륙 짙은 안개,오늘은 전국이 대체로 맑겠지만 동해안에는 새벽까지 빗방울이 떨어지는 곳이 있겠습니다 전국의 내륙에는 오전까지 짙은 안개가 끼는 곳이 많겠습니다. 오늘 아침 최저 기온은 서울 1도 등 전국이 영하 3도에서 영상 7도로 어제와 비슷하거나 조금 낮겠습니다. 낮 최고 기온은 서울 13도 등 전국이 10도에서 16도로 어제와 비슷하겠습니다. 미세먼지 농도는 수도권과 세종·충남북은 나쁨 대전·광주·전북은 오전에 일시적으로 나쁨 수준을 보이겠습니다. 바다의 물결은 동해 중부와 남부 먼바다에서 2에서 3미터로 높게 일겠습니다. 동해안과 경남권 해안에는 높은 너울성 파도가 밀려드는 곳이 있겠습니다.,https://news.naver.com/main/read.naver?mode=LSD&mid=sec&sid1=248&oid=056&aid=0011171425
